sample_id	mean_mtDNA_depth	mean_autosomal_depth	mtDNA_copy_number
HG001	1950.527069	4.631927	842.209832
HG002	2442.357052	5.039137	969.355384
HG003	1710.651880	4.387662	779.755617
HG004	2017.945440	4.977774	810.782209
HG005	2940.354819	5.343487	1100.537769
HG006	1385.506247	5.383270	514.745250
