sample_id	mean_mtDNA_depth	mean_autosomal_depth	mtDNA_copy_number
HG001	1929.980000	4.586751	841.545565
HG002	2407.600000	4.983933	966.144693
HG003	1697.620000	4.357744	779.127831
HG004	2001.720000	4.941971	810.089773
HG005	2779.160000	5.086698	1092.716666
HG006	1373.600000	5.342489	514.217285
