"eigenvalue","component"
0.704947936107943,1
0.304632626738154,2
0.153277978978776,3
0.127420893042939,4
0.122566461571248,5
0.0981970288332711,6
0.0193708707381875,7
-2.7132464970371e-17,8
