"eigenvalue","component"
0.966868780753803,1
0.32143876392433,2
0.0642602126199451,3
0.0422061700337908,4
0.01400479371463,5
0.00746511663849152,6
1.04083408558608e-17,7
-0.00815618875633048,8
