"eigenvalue","component"
18.4245580418524,1
3.73411528004285,2
0.303017338370964,3
0.177360310351688,4
2.22044604925031e-15,5
-0.113515639189143,6
-2.52288185774213,7
-3.09041614791524,8
