"eigenvalue","component"
1.10140554125947,1
0.431293388829219,2
0.209003028955046,3
0.187908605701367,4
0.11230382864603,5
0.0811870476174581,6
0.00877760469139422,7
-6.38242407239353e-17,8
