"eigenvalue","component"
0.675275220856084,1
0.130265426072481,2
0.0667494427230557,3
0.0481530679710447,4
0.0278378004380488,5
0.0154968097237724,6
0.00313744654915056,7
4.50122500927525e-17,8
