"eigenvalue","component"
0.728039914462117,1
0.287495123992145,2
0.0949230752051266,3
0.0870460272819131,4
0.0748569146437082,5
0.054103951333745,6
0.0103174552516976,7
-2.80915085410318e-17,8
