"eigenvalue","component"
1.12667238625179,1
0.412834787382323,2
0.135620958279199,3
0.0985064111146694,4
0.0865804422943397,5
0.054420564072666,6
0.00301399125927181,7
-7.33088255030592e-17,8
