"eigenvalue","component"
0.841202323834784,1
0.263968228226339,2
0.0366940791385406,3
0.0096327560681519,4
-8.32667268468867e-17,5
-0.00652118799370086,6
-0.0210945959320701,7
-0.0321146879462922,8
