"eigenvalue","component"
14.9343904145286,1
3.31678944949648,2
0.136806636435363,3
0.117727311864499,4
-7.54951656745106e-15,5
-0.0601656839273654,6
-1.51376633045082,7
-2.78311604748954,8
