"eigenvalue","component"
1.08344219708812,1
0.442924537648178,2
0.254829261679599,3
0.194708707597118,4
0.133798478599356,5
0.0905671395464481,6
0.0144910303307418,7
-4.09727701992188e-17,8
