"eigenvalue","component"
0.693931725283656,1
0.308651127078255,2
0.186116262608577,3
0.143256481652899,4
0.138933847530395,5
0.109724007402715,6
0.0266346062244525,7
-1.10759355268454e-17,8
