"eigenvalue","component"
20.9716925506711,1
3.64666649524216,2
0.913796697432756,3
0.0799041540360612,4
-4.44089209850063e-15,5
-0.04463620887734,6
-2.77227404868221,7
-4.05424358816415,8
