"eigenvalue","component"
0.962254305229677,1
0.389291808821677,2
0.167340877357151,3
0.103450012859162,4
0.0292062530587241,5
-1.38777878078145e-17,6
-0.00354934955820678,7
-0.0319228221492064,8
