"eigenvalue","component"
0.650249967031759,1
0.265742611125309,2
0.0882969578590807,3
0.0640124451398098,4
0.0412165985521248,5
0.0255094505430692,6
0.00589505566073998,7
9.48021987451563e-18,8
