"eigenvalue","component"
9.97619669721364,1
2.41270210624222,2
0.569153953419533,3
-3.99680288865056e-15,4
-0.00880892856884774,5
-0.53223598520926,6
-0.85453342736166,7
-2.13022274727274,8
