"eigenvalue","component"
0.675376293382305,1
0.16210257436796,2
0.0391250574897909,3
0.00523318833079797,4
-5.55111512312578e-17,5
-0.00351176141225873,6
-0.0274389616943076,7
-0.0498544898145906,8
