"eigenvalue","component"
1.14846828737724,1
0.423314400249415,2
0.172330593415179,3
0.149131556793023,4
0.0917336321239312,5
0.0607463685268998,6
0.00622274153036845,7
3.41865034178225e-17,8
