"eigenvalue","component"
19.1768755801549,1
3.30291582247037,2
0.229365434324913,3
0.181885911367223,4
-7.105427357601e-15,5
-0.0678451937513502,6
-2.42251014498968,7
-2.85291205069556,8
