"eigenvalue","component"
0.743403079580743,1
0.299787286771597,2
0.116941440792001,3
0.104499678324511,4
0.0979865510972297,5
0.0789028630805555,6
0.0156575062834089,7
2.2409978305868e-17,8
